iso3c,country_name,region_id,waste_year,waste_tonnes_year,gdp_pc_ppp,gdp_pc_ppp_year,urban_pct,urban_pct_year,eligible_share,collection_share,coverage_source,recovery_share,capture_given_collection,recovery_efficiency_proxy,eligible_tonnes,recovered_tonnes_proxy,unrecovered_eligible_tonnes_proxy,collection_gap_proxy,treatment_gap_proxy
AFG,Afghanistan,S. Asia,2017.0,4148162.0,2952.99891598909,2017.0,24.8352821238871,2017,0.7234000000000002,0.5920000000000001,uncollected_mass_share,0.254,0.593107622413677,0.3511197124688968,3000780.3908000006,1053633.148,1947147.2428000006,1224318.3994464,722828.8433536005
ALB,Albania,Eur. & Cent. Asia,2021.0,754094.0,18212.794718288,2021.0,57.5077187031778,2021,0.833,0.9177617667789177,uncollected_mass_share,0.173337211774051,0.22673410117628262,0.20808788928457506,628160.302,130712.55137554122,497447.7506244588,51658.79341610149,445788.9572083573
ATG,Antigua and Barbuda,L. Amer. & the Caribbean,2012.0,30300.0,25734.1516444171,2015.0,25.0,2015,0.8509999990463244,0.99,uncollected_mass_share,0.0,0.0,0.0,25785.29997110363,0.0,25785.29997110363,257.85299971103626,25527.44697139259
ARG,Argentina,L. Amer. & the Caribbean,2022.0,19345000.0,27825.0273492567,2022.0,92.112838186126,2022,0.7777,0.98,collected_mass_share,0.0,0.0,0.0,15044606.499999998,0.0,15044606.499999998,300892.13000000024,14743714.369999997
AZE,Azerbaijan,Eur. & Cent. Asia,2020.0,3890000.0,19126.096851126,2020.0,58.2934691761937,2020,0.7545000000000001,0.6799999999999999,uncollected_mass_share,0.0,0.0,0.0,2935005.0,0.0,2935005.0,939201.6,1995803.4
BGD,Bangladesh,S. Asia,2021.0,30472832.745,7441.06913961254,2021.0,31.3992156886061,2021,0.7455,0.8063,uncollected_mass_share,0.0314457,0.05231388329979879,0.04218068410462776,22717496.811397504,958239.5566494465,21759257.254748058,4400379.132367697,17358878.12238036
BRB,Barbados,L. Amer. & the Caribbean,2021.0,395150.679,17686.7469386289,2021.0,59.3220365433819,2021,0.729,0.9,uncollected_mass_share,0.0428,0.06523395823807346,0.058710562414266115,288064.844991,16912.4490612,271152.3959298,28806.484499100003,242345.91143070004
BLZ,Belize,L. Amer. & the Caribbean,2015.0,100000.0,12348.7944978311,2015.0,43.931184585988,2015,0.74,0.7277,uncollected_mass_share,0.0,0.0,0.0,74000.0,0.0,74000.0,20150.2,53849.8
BTN,Bhutan,S. Asia,2019.0,60377.7,14555.1884045845,2019.0,39.0746823405146,2019,0.8688273981950289,0.6717385911035421,uncollected_mass_share,0.237268502997224,0.406542808740399,0.2730904935665524,52457.79999999999,14325.72649341549,38132.0735065845,17219.871335608612,20912.202170975892
BWA,Botswana,Sub-Saharan Africa,2017.0,241000.0,17352.8958451454,2017.0,65.9456435684731,2017,0.1301,0.763149377593361,uncollected_mass_share,0.006290622406639,0.06335877423297896,0.048352209120976174,31354.1,1516.039999999999,29838.059999999998,7426.2381,22411.821900000003
BRA,Brazil,L. Amer. & the Caribbean,2022.0,81811506.0,18554.0461828566,2022.0,87.349556243881,2022,0.775,0.9299999999999999,uncollected_mass_share,0.0163365840613946,0.02266608957529601,0.02107946330502529,63403917.15,1336520.5449582885,62067396.60504171,4438274.2005,57629122.40454171
BFA,Burkina Faso,Sub-Saharan Africa,2021.0,457771.0,2486.43093147762,2021.0,26.8114307743017,2021,0.5579999999999999,0.45999999999999996,uncollected_mass_share,0.0,0.0,0.0,255436.21799999996,0.0,255436.21799999996,137935.55771999998,117500.66027999997
KHM,Cambodia,E. Asia & Pacific,2020.0,4780000.0,6128.78243783335,2020.0,39.832658030922,2020,0.83,0.54,uncollected_mass_share,0.06,0.13386880856760375,0.07228915662650602,3967400.0,286800.0,3680600.0,1825004.0,1855596.0
CHL,Chile,L. Amer. & the Caribbean,2022.0,8685825.90673575,29560.4513805785,2022.0,88.6395352768685,2022,0.839,0.96,uncollected_mass_share,0.0074,0.009187524831148193,0.008820023837902265,7287407.935751294,64275.111709844554,7223132.824041449,291496.31743005174,6931636.5066113975
CHN,China,E. Asia & Pacific,2022.0,502607447.9726,21499.3125559757,2022.0,65.2176361083984,2022,0.844,0.997,uncollected_mass_share,0.0,0.0,0.0,424200686.0888744,0.0,424200686.0888744,1272602.0582666232,422928084.03060776
COL,Colombia,L. Amer. & the Caribbean,2022.0,14423329.7,18458.7209460704,2022.0,78.0464633137335,2022,0.823,0.862077907697,uncollected_mass_share,0.169144022271085,0.23840222431798397,0.20552129073035844,11870400.343099998,2439620.0000000014,9430780.343099996,1637190.451794601,7793589.891305396
CRI,Costa Rica,L. Amer. & the Caribbean,2021.0,1615689.05817292,24083.5988182437,2021.0,77.9868940200009,2021,0.81,0.888451455731826,uncollected_mass_share,0.0665244391062771,0.09244054544386214,0.08212893716824334,1308708.1371200653,107482.80836510262,1201225.3287549627,145984.48756765714,1055240.8411873055
CUW,Curaçao,L. Amer. & the Caribbean,2023.0,213000.0,27617.9204283638,2023.0,91.4080929292235,2023,0.6990000000000001,0.9551569506726457,uncollected_mass_share,0.37219730941704,0.5574697589447025,0.5324711150458369,148887.0,79278.02690582952,69608.97309417048,6676.5470852018,62932.42600896867
DNK,Denmark,Eur. & Cent. Asia,2021.0,4503000.0,69327.998216527,2021.0,88.2616449318149,2021,0.8718315931158838,1.0,uncollected_mass_share,0.5756162558294471,0.6602378949955491,0.6602378949955491,3925857.6638008244,2592000.0000000005,1333857.663800824,0.0,1333857.663800824
DOM,Dominican Republic,L. Amer. & the Caribbean,2021.0,4293943.7514,22053.4589869955,2021.0,72.9243347395035,2021,0.9199999999999999,0.8958,uncollected_mass_share,0.06,0.07280351786598328,0.06521739130434782,3950428.251288,257636.62508400003,3692791.626204,411634.6237842096,3281157.0024197903
ECU,Ecuador,L. Amer. & the Caribbean,2022.0,5253810.0,14186.6388544625,2022.0,63.0901835932266,2022,0.8169,0.8089999999999999,uncollected_mass_share,0.0070999999999999995,0.010743379846115458,0.008691394295507407,4291837.3889999995,37302.051,4254535.3379999995,819740.9412989999,3434794.3967009992
EGY,"Egypt, Arab Rep.",Mid. East & N. Africa,2021.0,25840000.0,15579.0160861551,2021.0,42.5686062621468,2021,0.8500000000000001,0.65,uncollected_mass_share,0.195,0.3529411764705882,0.22941176470588234,21964000.000000004,5038800.0,16925200.000000004,7687400.000000001,9237800.000000004
SLV,El Salvador,L. Amer. & the Caribbean,2021.0,1541847.04332028,10809.713399518,2021.0,73.6838531494141,2021,0.7717,0.7203999999999999,uncollected_mass_share,0.0065,0.011692063146926352,0.008422962291045742,1189843.3633302602,10022.00578158182,1179821.3575486783,332680.20438714075,847141.1531615375
ETH,Ethiopia,Sub-Saharan Africa,2020.0,4453000.0,2516.54907638899,2020.0,21.6260051727295,2020,0.87,0.4,uncollected_mass_share,0.03818275977815001,0.10972057407514371,0.043888229630057486,3874110.0,170027.82929210202,3704082.170707898,2324466.0,1379616.170707898
GEO,Georgia,Eur. & Cent. Asia,2019.0,1117396.49,18186.8816465807,2019.0,58.6304091780343,2019,0.7841,0.8788,uncollected_mass_share,0.0,0.0,0.0,876150.587809,0.0,876150.587809,106189.45124245081,769961.1365665493
GRD,Grenada,L. Amer. & the Caribbean,2022.0,34000.0,16376.4273099594,2022.0,36.3688840183487,2022,0.6260000000000001,0.986,uncollected_mass_share,0.002,0.003240251702752269,0.0031948881789137375,21284.000000000004,68.0,21216.000000000004,297.97600000000006,20918.024000000005
GTM,Guatemala,L. Amer. & the Caribbean,2021.0,6533833.02514632,11825.141273764,2021.0,54.9047071553758,2021,0.8000000000000002,0.41900000000000004,uncollected_mass_share,0.0,0.0,0.0,5227066.420117057,0.0,5227066.420117057,3036925.59008801,2190140.830029047
GUY,Guyana,L. Amer. & the Caribbean,2021.0,250353.257275,22865.9270968882,2021.0,26.443303961947,2021,0.8390000000000001,0.55,uncollected_mass_share,0.0,0.0,0.0,210046.38285372502,0.0,210046.38285372502,94520.87228417626,115525.51056954877
HTI,Haiti,L. Amer. & the Caribbean,2021.0,2799501.7762,3116.56505397604,2021.0,53.2460637918026,2021,0.8220000000000001,0.43000000000000005,uncollected_mass_share,0.0,0.0,0.0,2301190.4600364002,0.0,2301190.4600364002,1311678.562220748,989511.8978156522
HND,Honduras,L. Amer. & the Caribbean,2021.0,3234671.22062583,6202.98078812037,2021.0,57.3550236357547,2021,0.9500000000000001,0.5261,uncollected_mass_share,0.0,0.0,0.0,3072937.6595945386,0.0,3072937.6595945386,1456265.1568818518,1616672.5027126868
IND,India,S. Asia,2021.0,202254010.156059,7818.65701757504,2021.0,34.4425517181304,2021,0.7070000000000001,0.954,uncollected_mass_share,0.0,0.0,0.0,142993585.18033373,0.0,142993585.18033373,6577704.918295352,136415880.26203838
IDN,Indonesia,E. Asia & Pacific,2023.0,55439035.8866128,13889.9495012858,2023.0,58.1179353397878,2023,0.7535000000000001,0.6253,uncollected_mass_share,0.119689140903563,0.25402886302126515,0.15884424804719707,41773313.54056275,6635450.577790486,35137862.962772265,15652460.58364886,19485402.379123397
IRQ,Iraq,Mid. East & N. Africa,2019.0,18039760.0,14910.225032382,2019.0,69.8683395385742,2019,0.8911,0.587224830042085,uncollected_mass_share,0.00062722563936549,0.0011986515417618713,0.000703877947890798,16075230.136,11314.999999999993,16063915.136,6635455.851499997,9428459.284500003
JAM,Jamaica,L. Amer. & the Caribbean,2021.0,1229527.38443669,10430.6909771759,2021.0,57.5411017937226,2021,0.97,0.7,uncollected_mass_share,0.0,0.0,0.0,1192641.5629035893,0.0,1192641.5629035893,357792.46887107677,834849.0940325125
JPN,Japan,E. Asia & Pacific,2022.0,40344000.0,46819.360613609,2022.0,91.9776532428406,2022,0.855,0.9998513048003767,uncollected_mass_share,0.16480384624916325,0.1927817022624306,0.19275303654872894,34494120.0,6648846.373076242,27845273.62692376,5129.110059230272,27840144.516864527
JOR,Jordan,Mid. East & N. Africa,2020.0,3561640.0,9872.3094512325,2020.0,91.8216722992319,2020,0.8900000000000001,0.842,collected_mass_share,0.07,0.09341055272358484,0.07865168539325842,3169859.6000000006,249314.80000000002,2920544.8000000007,500837.8168000002,2419706.9832000006
KEN,Kenya,Sub-Saharan Africa,2021.0,3450500.0,5338.85243382781,2021.0,31.2879334021971,2021,0.839,0.6824,uncollected_mass_share,0.0,0.0,0.0,2894969.5,0.0,2894969.5,919442.3132,1975527.1868
KIR,Kiribati,E. Asia & Pacific,2021.0,14263.312,3024.21029665634,2021.0,59.6364645301985,2021,0.9390000000000002,0.5307,uncollected_mass_share,0.00254166537091569,0.005100393598576056,0.0027067788827643126,13393.249968000002,36.25256618496621,13356.997401815035,6285.452209982401,7071.545191832634
KGZ,Kyrgyz Republic,Eur. & Cent. Asia,2023.0,1957585.923,6575.77541290499,2023.0,34.706439175362,2023,0.645,0.47,uncollected_mass_share,0.0,0.0,0.0,1262642.920335,0.0,1262642.920335,669200.74777755,593442.1725574499
LBN,Lebanon,Mid. East & N. Africa,2021.0,2044000.0,11599.7755083765,2021.0,89.965362045441,2021,0.93,0.999,collected_mass_share,0.0,0.0,0.0,1900920.0,0.0,1900920.0,1900.9200000000017,1899019.08
MDV,Maldives,S. Asia,2019.0,205261.0,21855.501224579,2019.0,40.0492764783282,2019,0.8552428371682879,0.79,uncollected_mass_share,0.0,0.0,0.0,175547.99999999994,0.0,175547.99999999994,36865.07999999999,138682.91999999995
MHL,Marshall Islands,E. Asia & Pacific,2019.0,21187.374,6405.89632387105,2019.0,76.9422712042154,2019,0.6487929323947644,0.827,uncollected_mass_share,0.0,0.0,0.0,13746.21850720459,0.0,13746.21850720459,2378.095801746394,11368.122705458196
MEX,Mexico,L. Amer. & the Caribbean,2021.0,47670612.9170294,20782.5877440905,2021.0,78.9324007418057,2021,0.7307999999999999,0.8383,uncollected_mass_share,0.0808,0.1318904517907426,0.11056376573617954,34837683.919765085,3851785.5236959755,30985898.39606911,5633253.489826014,25352644.906243097
FSM,"Micronesia, Fed. Sts.",E. Asia & Pacific,2022.0,27375.0,3815.79465699672,2022.0,22.4122701819053,2022,0.7441,0.35509999999999997,uncollected_mass_share,0.0,0.0,0.0,20369.7375,0.0,20369.7375,13136.44371375,7233.293786249999
MNG,Mongolia,E. Asia & Pacific,2019.0,1612000.0,15790.6961126441,2019.0,67.8277299551557,2019,0.729,0.7913,uncollected_mass_share,0.0874137818417429,0.15153439373651922,0.11990916576370768,1175148.0,140911.01632888956,1034236.9836711105,245253.3876,788983.5960711105
MAR,Morocco,Mid. East & N. Africa,2021.0,7433045.0,8623.265625,2021.0,62.3173276600289,2021,0.96,0.96,uncollected_mass_share,0.081,0.087890625,0.084375,7135723.2,602076.645,6533646.555,285428.928,6248217.627
MOZ,Mozambique,Sub-Saharan Africa,2023.0,4200000.0,1512.66729609671,2023.0,35.7149783148407,2023,0.85,0.25,collected_mass_share,0.015,0.07058823529411765,0.01764705882352941,3570000.0,63000.0,3507000.0,2677500.0,829500.0
MMR,Myanmar,E. Asia & Pacific,2019.0,7475200.0,6562.98898478625,2019.0,30.0782436945232,2019,0.92,0.62,uncollected_mass_share,0.11,0.19284712482468444,0.11956521739130434,6877184.0,822272.0,6054912.0,2613329.92,3441582.08
NRU,Nauru,E. Asia & Pacific,2020.0,569.674,11306.0207729999,2020.0,100.0,2020,0.5498000000000001,0.86,uncollected_mass_share,0.0,0.0,0.0,313.2067652,0.0,313.2067652,43.848947128000006,269.357818072
NPL,Nepal,S. Asia,2020.0,1788500.0,4412.5420439395,2020.0,66.1050886088505,2020,0.9300000000000002,0.623,uncollected_mass_share,0.0,0.0,0.0,1663305.0000000002,0.0,1663305.0000000002,627065.9850000001,1036239.0150000001
NZL,New Zealand,E. Asia & Pacific,2022.0,3601300.0,49842.9845334162,2022.0,83.8547305017812,2022,0.34230000000000005,1.0,collected_mass_share,0.092,0.26877008472100494,0.26877008472100494,1232724.9900000002,331319.6,901405.3900000002,0.0,901405.3900000002
MKD,North Macedonia,Eur. & Cent. Asia,2023.0,878303.0,23455.2221318176,2023.0,62.2518322545779,2023,0.786,0.6699999999999999,uncollected_mass_share,0.003,0.005696707303178763,0.003816793893129771,690346.158,2634.909,687711.2490000001,227814.23214000004,459897.01686
PLW,Palau,E. Asia & Pacific,2017.0,13048.17476,19693.4082379382,2017.0,79.8284579022498,2017,0.8000000000000002,0.912,uncollected_mass_share,0.082,0.11239035087719297,0.10249999999999998,10438.539808000001,1069.9503303200001,9368.589477680001,918.591503104,8449.997974576001
PAN,Panama,L. Amer. & the Caribbean,2021.0,1970906.38765,30932.7627780514,2021.0,65.8092302689169,2021,0.714,0.642,uncollected_mass_share,0.0,0.0,0.0,1407227.1607821,0.0,1407227.1607821,503787.3235599918,903439.8372221082
PNG,Papua New Guinea,E. Asia & Pacific,2019.0,1630100.8660499998,4302.16255230002,2019.0,13.9278267446947,2019,0.8274,0.12329999999999997,uncollected_mass_share,0.0,0.0,0.0,1348745.45656977,0.0,1348745.45656977,1182445.1417747173,166300.31479505257
PER,Peru,L. Amer. & the Caribbean,2021.0,10213959.25,15285.7706852395,2021.0,83.9480118272361,2021,0.8185604362021002,0.9417,uncollected_mass_share,0.017568011299112833,0.02279078487472752,0.021462082116530907,8360742.939030476,179438.95151267803,8181303.987517798,487431.31334547675,7693872.674172321
PHL,Philippines,E. Asia & Pacific,2020.0,16628026.0,8455.18457134106,2020.0,54.1077719895977,2020,0.7812,0.5498000000000001,uncollected_mass_share,0.0,0.0,0.0,12989813.9112,0.0,12989813.9112,5848014.22282224,7141799.688377761
QAT,Qatar,Mid. East & N. Africa,2020.0,1298850.0,103061.913422502,2020.0,99.1617913833034,2020,0.95,1.0,collected_mass_share,0.00313277129768641,0.0032976539975646422,0.0032976539975646422,1233907.5,4068.9999999999936,1229838.5,0.0,1229838.5
RUS,Russian Federation,Eur. & Cent. Asia,2022.0,45867400.0,38214.69140625,2022.0,74.8544893625017,2022,0.8899999999999999,0.892993716670228,uncollected_mass_share,0.0656740953269642,0.08263341271879719,0.0737911183449036,40821985.99999999,3012299.9999999977,37809685.99999999,4368208.999999985,33441477.00000001
WSM,Samoa,E. Asia & Pacific,2020.0,19780.378935,6746.15667963109,2020.0,18.0516608994722,2020,0.9192,0.2956,uncollected_mass_share,0.026604,0.097911227154047,0.02894255874673629,18182.124317052,526.23720118674,17655.88711586526,12807.488368931428,4848.398746933831
SAU,Saudi Arabia,Mid. East & N. Africa,2022.0,20751133.0,67178.5902274906,2022.0,84.1349430023993,2022,0.6795736560710371,1.0,collected_mass_share,0.0372734672972495,0.05484831109073073,0.05484831109073073,14101923.320426349,773466.677256375,13328456.643169973,0.0,13328456.643169973
SEN,Senegal,Sub-Saharan Africa,2021.0,3000000.0,4173.67741399617,2021.0,52.2260292191155,2021,0.29999999999999993,0.54,collected_mass_share,0.0,0.0,0.0,899999.9999999998,0.0,899999.9999999998,413999.9999999999,485999.9999999999
SRB,Serbia,Eur. & Cent. Asia,2021.0,2870000.0,23406.3065657117,2021.0,61.363899230957,2021,0.744,0.88,collected_mass_share,0.18399475237782906,0.2810281530697536,0.24730477470138315,2135280.0,528064.9393243694,1607215.0606756306,256233.59999999998,1350981.4606756305
SYC,Seychelles,Sub-Saharan Africa,2012.0,49170.0,27032.2083880002,2015.0,43.094803568632,2015,0.71,0.9,uncollected_mass_share,0.048,0.07511737089201878,0.06760563380281691,34910.7,2360.16,32550.539999999997,3491.0699999999997,29059.469999999998
SGP,Singapore,E. Asia & Pacific,2023.0,1851948.6216,130296.843789261,2023.0,100.0,2023,0.6232394366197181,1.0,collected_mass_share,0.52,0.834350282485876,0.834350282485876,1154207.4155746475,963013.283232,191194.13234264753,0.0,191194.13234264753
ZAF,South Africa,Sub-Saharan Africa,2023.0,7995632.3,13695.3755694076,2023.0,63.5823705163545,2023,0.7521959436456533,0.6859999999999999,uncollected_mass_share,0.0837,0.1622072850010712,0.11127419751073483,6014282.182942165,669234.42351,5345047.759432165,1888484.60544384,3456563.1539883246
LKA,Sri Lanka,S. Asia,2021.0,2971830.0,14316.1352225567,2021.0,19.8266275195269,2021,0.77,0.47350000000000003,uncollected_mass_share,0.1388,0.3806963891441188,0.18025974025974026,2288309.1,412490.004,1875819.0960000001,1204794.74115,671024.3548500002
SDN,Sudan,Sub-Saharan Africa,2018.0,7945892.685,3816.65991210938,2018.0,34.382054222005,2018,0.79,0.32999999999999996,uncollected_mass_share,0.0,0.0,0.0,6277255.22115,0.0,6277255.22115,4205760.9981705,2071494.2229794997
SUR,Suriname,L. Amer. & the Caribbean,2022.0,140000.0,18742.5873760369,2022.0,65.8985443115234,2022,0.7699999999999999,1.0,collected_mass_share,0.05,0.06493506493506494,0.06493506493506494,107799.99999999999,7000.0,100799.99999999999,0.0,100799.99999999999
SWE,Sweden,Eur. & Cent. Asia,2022.0,4139000.0,62544.5002248644,2022.0,88.4038576504809,2022,0.6978417266187056,1.0,uncollected_mass_share,0.396,0.5674639175257727,0.5674639175257727,2888366.906474822,1639044.0,1249322.9064748222,0.0,1249322.9064748222
SYR,Syrian Arab Republic,Mid. East & N. Africa,2018.0,3576050.0,5061.49399424562,2018.0,74.0612602381775,2018,0.78,0.725,uncollected_mass_share,0.027549999999999998,0.04871794871794871,0.035320512820512816,2789319.0,98520.17749999999,2690798.8225,767062.7250000001,1923736.0975
TZA,Tanzania,Sub-Saharan Africa,2021.0,14800000.0,3493.0830078125,2021.0,34.3500111758619,2021,0.6000000000000001,0.21899999999999997,uncollected_mass_share,0.075,0.5707762557077625,0.12499999999999997,8880000.000000002,1110000.0,7770000.000000002,6935280.000000002,834720.0000000002
THA,Thailand,E. Asia & Pacific,2023.0,26950000.0,21245.2706771879,2023.0,60.9341926574707,2023,0.9562,0.7228200371057509,uncollected_mass_share,0.345454545454545,0.499818111303856,0.36127854575877955,25769590.0,9309999.999999989,16459590.000000011,7142814.00000001,9316776.0
TON,Tonga,E. Asia & Pacific,2021.0,9476.0,6930.06482518663,2021.0,21.258003897665,2021,0.7960999999999999,0.9054,uncollected_mass_share,0.091,0.12625054984889197,0.1143072478331868,7543.843599999999,862.316,6681.527599999999,713.64760456,5967.879995439999
TUN,Tunisia,Mid. East & N. Africa,2020.0,2810000.0,11955.5983698479,2020.0,69.1043166438476,2020,0.839,0.8,collected_mass_share,0.09,0.134088200238379,0.10727056019070322,2357590.0,252900.0,2104690.0,471517.9999999999,1633172.0
TKM,Turkmenistan,Eur. & Cent. Asia,2017.0,750000.0,13963.4045877295,2017.0,47.0334857399476,2017,0.3445,0.5,collected_mass_share,0.01,0.058055152394775045,0.029027576197387522,258374.99999999997,7500.0,250874.99999999997,129187.49999999999,121687.49999999999
TUV,Tuvalu,E. Asia & Pacific,2019.0,1642.6,5515.89953720794,2019.0,61.2406529218636,2019,0.86,0.9469,uncollected_mass_share,0.0627054669426519,0.0770021476969547,0.0729133336542464,1412.636,103.00000000000001,1309.636,75.0109716,1234.6250284
ARE,United Arab Emirates,Mid. East & N. Africa,2022.0,4617980.0,70075.63837395,2022.0,85.5147347682487,2022,0.8477000093460068,0.999,collected_mass_share,0.09491121697704633,0.11207528860775058,0.11196321331914283,3914661.6891596722,438298.1017756604,3476363.5873840116,3914.661689159676,3472448.925694852
URY,Uruguay,L. Amer. & the Caribbean,2021.0,1250583.44,29431.8738833361,2021.0,95.4497146606445,2021,0.7830000000000001,1.0,collected_mass_share,0.0,0.0,0.0,979206.8335200001,0.0,979206.8335200001,0.0,979206.8335200001
UZB,Uzbekistan,Eur. & Cent. Asia,2022.0,6816840.5,10091.3877869999,2022.0,50.9847412109375,2022,0.5900000000000001,0.8606,uncollected_mass_share,0.052,0.10241179783911106,0.08813559322033897,4021935.8950000005,354475.706,3667460.1890000002,560657.863763,3106802.3252370004
VUT,Vanuatu,E. Asia & Pacific,2019.0,41610.0,3986.65620021472,2019.0,23.5024668917075,2019,0.6661999999999999,0.41890000000000005,uncollected_mass_share,0.016791093140962235,0.06016777920587227,0.025204282709339894,27720.581999999995,698.6773855954386,27021.904614404557,16108.430200199995,10913.474414204562
VNM,Viet Nam,E. Asia & Pacific,2015.0,19000000.0,9248.02396069622,2015.0,32.3810945365679,2015,0.7900000000000001,0.75,uncollected_mass_share,0.105,0.17721518987341767,0.13291139240506325,15010000.000000002,1995000.0,13015000.000000002,3752500.0000000005,9262500.000000002
PSE,West Bank and Gaza,Mid. East & N. Africa,2019.0,1580000.0,6269.89134527985,2019.0,85.8136174183656,2019,0.8140000000000001,0.92,uncollected_mass_share,0.0276,0.03685503685503685,0.033906633906633905,1286120.0,43608.0,1242512.0,102889.59999999995,1139622.4000000001
ZMB,Zambia,Sub-Saharan Africa,2022.0,4352733.186,3585.12379084347,2022.0,44.5988511178469,2022,0.84,0.06299999999999994,collected_mass_share,0.06,1.0,0.07142857142857142,3656295.8762399997,261163.99115999998,3395131.8850799995,3425949.23603688,0.0
