iso3c,peer_iso3c,rank,scaled_distance
AFG,FSM,1,0.2786900633579495
AFG,VUT,2,0.5339236527517456
AFG,SDN,3,0.6361400932509792
AFG,BGD,4,0.8017529804080473
AFG,IND,5,0.8504604098069236
AFG,TON,6,0.929304197417717
AFG,PNG,7,0.9529228494320763
AFG,KGZ,8,0.9576092426959691
ALB,CHN,1,0.25472833361376435
ALB,ECU,2,0.28290687953709653
ALB,GEO,3,0.40429576130377964
ALB,EGY,4,0.42258508338062234
ALB,GTM,5,0.4533457524250212
ALB,MKD,6,0.45631020622626944
ALB,TUN,7,0.45710190800382156
ALB,MDV,8,0.5006397825340947
ATG,GUY,1,0.14366684522678153
ATG,MDV,2,0.40473702768717057
ATG,EGY,3,0.6070707810374888
ATG,BTN,4,0.6076579502338935
ATG,LKA,5,0.83529763181924
ATG,ALB,6,0.8816141527666835
ATG,VNM,7,1.000823468052662
ATG,CHN,8,1.0279187140517103
ARG,URY,1,0.10563179298932676
ARG,BRA,2,0.3562111338251422
ARG,PLW,3,0.4598536879666323
ARG,CRI,4,0.4608683215925051
ARG,CHL,5,0.5155427194229577
ARG,MEX,6,0.5642853348027832
ARG,COL,7,0.616866007312835
ARG,PER,8,0.6329393169571275
AZE,SRB,1,0.20323823685281955
AZE,BRB,2,0.221531694815638
AZE,SUR,3,0.23129415371842144
AZE,GEO,4,0.2477836684503794
AZE,IDN,5,0.2642487944531472
AZE,ZAF,6,0.30695635718499387
AZE,MKD,7,0.3253555305770898
AZE,MNG,8,0.356671885441675
BGD,IND,1,0.3292378663448299
BGD,VNM,2,0.40929303267736933
BGD,TON,3,0.49312903418157056
BGD,BLZ,4,0.5263650470260692
BGD,FSM,5,0.5963381753045975
BGD,LKA,6,0.6465671884596859
BGD,PHL,7,0.653146292092532
BGD,SDN,8,0.6664494767013213
BRB,AZE,1,0.221531694815638
BRB,MNG,2,0.2342859402874184
BRB,SRB,3,0.2673331417596257
BRB,IDN,4,0.2855714950474534
BRB,ZAF,5,0.3045497985384843
BRB,SUR,6,0.37974770528926177
BRB,GEO,7,0.4553507027131063
BRB,BLZ,8,0.4972124329129947
BLZ,IDN,1,0.38748432216856593
BLZ,BRB,2,0.4972124329129947
BLZ,ZAF,3,0.5134491553916906
BLZ,IND,4,0.5232994428243938
BLZ,AZE,5,0.5256074942290349
BLZ,BGD,6,0.5263650470260692
BLZ,PHL,7,0.5284601578593525
BLZ,VNM,8,0.558646511756001
BTN,EGY,1,0.18719936496008435
BTN,MDV,2,0.35465216835364055
BTN,GUY,3,0.5489046578509016
BTN,ALB,4,0.5815448515862073
BTN,ATG,5,0.6076579502338935
BTN,GTM,6,0.7151231137545401
BTN,ECU,7,0.7426837648144332
BTN,CHN,8,0.7624831991736897
BWA,TKM,1,1.8403606963157728
BWA,SEN,2,1.86207668326396
BWA,NZL,3,2.0065099833373363
BWA,NRU,4,3.5841426106797103
BWA,UZB,5,3.8379348536593576
BWA,BFA,6,4.00043659762488
BWA,GRD,7,4.1577980015022185
BWA,TZA,8,4.172158725033433
BRA,PLW,1,0.2846028043124585
BRA,ARG,2,0.3562111338251422
BRA,PER,3,0.4025342353730991
BRA,CRI,4,0.43079533773673195
BRA,MEX,5,0.4322340346778301
BRA,URY,6,0.4373451051630565
BRA,COL,7,0.4603441293301299
BRA,SUR,8,0.5432752266285408
BFA,TZA,1,0.48474324341361635
BFA,VUT,2,0.977347478571599
BFA,KGZ,3,1.095081009918886
BFA,UZB,4,1.334019077980119
BFA,AFG,5,1.372399115416367
BFA,IND,6,1.5626190738766281
BFA,FSM,7,1.5789583881817935
BFA,MHL,8,1.665350875859985
KHM,KEN,1,0.25502307472720814
KHM,ZMB,2,0.4660840662130661
KHM,VNM,3,0.5095000123286348
KHM,SDN,4,0.5297657085058877
KHM,TON,5,0.5553681034143668
KHM,TUV,6,0.6008210794648262
KHM,PHL,7,0.602061989140258
KHM,HTI,8,0.6563166792918791
CHL,CRI,1,0.39770737213795243
CHL,JPN,2,0.4106591536617619
CHL,COL,3,0.48998421327143254
CHL,URY,4,0.4928422046981991
CHL,PLW,5,0.5151523596424622
CHL,ARG,6,0.5155427194229577
CHL,PER,7,0.5821408911545518
CHL,RUS,8,0.5856748533000182
CHN,ALB,1,0.25472833361376435
CHN,COL,2,0.38829720323418276
CHN,ECU,3,0.41306698464077024
CHN,CRI,4,0.4374602828079853
CHN,MKD,5,0.48948379053688235
CHN,TUN,6,0.49600657444056684
CHN,IRQ,7,0.505932880778532
CHN,PLW,8,0.5225323910090436
COL,PLW,1,0.20214916064478686
COL,PER,2,0.21861380795243776
COL,CRI,3,0.24437212424288132
COL,CHN,4,0.38829720323418276
COL,ECU,5,0.4386067789516526
COL,TUN,6,0.4438068320608847
COL,BRA,7,0.4603441293301299
COL,CHL,8,0.48998421327143254
CRI,PLW,1,0.19122346455611972
CRI,COL,2,0.24437212424288132
CRI,CHL,3,0.39770737213795243
CRI,PER,4,0.41047730760304146
CRI,BRA,5,0.43079533773673195
CRI,CHN,6,0.4374602828079853
CRI,MKD,7,0.4444261436034723
CRI,ARG,8,0.4608683215925051
CUW,MEX,1,0.4723593055262349
CUW,ARG,2,0.6493453467695927
CUW,PAN,3,0.6647296483304995
CUW,SWE,4,0.6791310150217563
CUW,URY,5,0.7022261119615433
CUW,BRA,6,0.7149973758997255
CUW,SAU,7,0.7732329206683275
CUW,MNG,8,0.792924685757886
DNK,ARE,1,0.21094916978597256
DNK,JPN,2,0.36482309457390477
DNK,RUS,3,0.6155050846798196
DNK,CHL,4,0.7540642523770342
DNK,QAT,5,0.7736338031908687
DNK,URY,6,1.0343943338186452
DNK,CRI,7,1.0436734987195957
DNK,ARG,8,1.086350544290076
DOM,IRQ,1,0.408880497013486
DOM,THA,2,0.42631701770700436
DOM,RUS,3,0.519200034411101
DOM,CHN,4,0.6566524530587001
DOM,LBN,5,0.6879511110349422
DOM,CHL,6,0.8137784000076372
DOM,COL,7,0.8235925828091729
DOM,ALB,8,0.8314625086902913
ECU,TUN,1,0.2761063692519009
ECU,ALB,2,0.28290687953709653
ECU,GTM,3,0.2910996964329544
ECU,GEO,4,0.3576475431021016
ECU,CHN,5,0.41306698464077024
ECU,COL,6,0.4386067789516526
ECU,SUR,7,0.45552819932362526
ECU,MKD,8,0.4875293907787843
EGY,BTN,1,0.18719936496008435
EGY,MDV,2,0.28986250894335186
EGY,ALB,3,0.42258508338062234
EGY,GUY,4,0.5238003294314931
EGY,GTM,5,0.5646928376576769
EGY,ECU,6,0.5907645899812265
EGY,ATG,7,0.6070707810374888
EGY,CHN,8,0.6326271383775655
SLV,ZAF,1,0.35929017846852734
SLV,IDN,2,0.4688874816819175
SLV,MNG,3,0.4937288791524966
SLV,SUR,4,0.49524532563508256
SLV,ECU,5,0.510772580117482
SLV,GTM,6,0.533680946422885
SLV,PHL,7,0.5400033632246426
SLV,PER,8,0.5462148649195919
ETH,MOZ,1,0.5747582313756533
ETH,PNG,2,0.5976552925083037
ETH,ZMB,3,0.6950250928680152
ETH,KEN,4,0.7144361520461573
ETH,SDN,5,0.810734910203961
ETH,HTI,6,0.9084874842796496
ETH,WSM,7,0.9140515274247145
ETH,MMR,8,0.9175015831161707
GEO,SUR,1,0.2186798273971098
GEO,MKD,2,0.22959244908607077
GEO,AZE,3,0.2477836684503794
GEO,IDN,4,0.3367062277954912
GEO,ECU,5,0.3576475431021016
GEO,ZAF,6,0.3737659431568461
GEO,GTM,7,0.3903050387770632
GEO,SRB,8,0.39689463088710525
GRD,UZB,1,0.6197684786626905
GRD,KGZ,2,0.7705417383863784
GRD,SYC,3,0.8246108598465779
GRD,IND,4,0.9061868474497137
GRD,BLZ,5,0.98729776394991
GRD,BRB,6,1.0303236474053832
GRD,MNG,7,1.163404698413402
GRD,PAN,8,1.1640477944608978
GTM,ECU,1,0.2910996964329544
GTM,PHL,2,0.3180175715938832
GTM,GEO,3,0.3903050387770632
GTM,IDN,4,0.4138976729723369
GTM,ALB,5,0.4533457524250212
GTM,ZAF,6,0.4670598920821367
GTM,TUN,7,0.48176146194663416
GTM,SUR,8,0.5318341177280709
GUY,ATG,1,0.14366684522678153
GUY,MDV,2,0.3706310470518066
GUY,EGY,3,0.5238003294314931
GUY,BTN,4,0.5489046578509016
GUY,LKA,5,0.7079504661613033
GUY,ALB,6,0.8080770191045128
GUY,VNM,7,0.8627152875048575
GUY,GEO,8,0.9493529574187093
HTI,ZMB,1,0.28824024829537853
HTI,SDN,2,0.5696674743632264
HTI,TUV,3,0.6009171897504159
HTI,KHM,4,0.6563166792918791
HTI,KEN,5,0.724251388943241
HTI,SYR,6,0.7459876513447038
HTI,MOZ,7,0.7780701734917707
HTI,PHL,8,0.8902657205550808
HND,MAR,1,0.3105897393089719
HND,NPL,2,0.39379734181337017
HND,JAM,3,0.45969421463464466
HND,KIR,4,0.6027148559330557
HND,MMR,5,0.7333197636837449
HND,TUV,6,0.7549706034671422
HND,IRQ,7,0.9273689048629636
HND,LBN,8,0.9860347838314081
IND,BGD,1,0.3292378663448299
IND,BLZ,2,0.5232994428243938
IND,KGZ,3,0.5309793293316492
IND,VNM,4,0.7003649031380145
IND,VUT,5,0.7062118650607633
IND,FSM,6,0.7325436430544171
IND,PHL,7,0.7907162489353502
IND,LKA,8,0.8096458846948715
IDN,ZAF,1,0.13888609563922738
IDN,AZE,2,0.2642487944531472
IDN,BRB,3,0.2855714950474534
IDN,MNG,4,0.3348887235972799
IDN,GEO,5,0.3367062277954912
IDN,SUR,6,0.3439526353090684
IDN,BLZ,7,0.38748432216856593
IDN,GTM,8,0.4138976729723369
IRQ,DOM,1,0.408880497013486
IRQ,TUN,2,0.46716904742593013
IRQ,CHN,3,0.505932880778532
IRQ,ALB,4,0.5952336110935994
IRQ,COL,5,0.6238228095398095
IRQ,LBN,6,0.6351355232141059
IRQ,ECU,7,0.6367672377701037
IRQ,JOR,8,0.650555567191892
JAM,MAR,1,0.2145333922462289
JAM,HND,2,0.45969421463464466
JAM,THA,3,0.6043105401477745
JAM,IRQ,4,0.7793129946844823
JAM,NPL,5,0.8124068931434814
JAM,DOM,6,0.8384375434786153
JAM,LBN,7,0.8870329213704471
JAM,MMR,8,0.8928644497789441
JPN,DNK,1,0.36482309457390477
JPN,ARE,2,0.3756264191886886
JPN,CHL,3,0.4106591536617619
JPN,RUS,4,0.54623231570116
JPN,URY,5,0.7121589072720462
JPN,CRI,6,0.7508108833999738
JPN,ARG,7,0.7687600180960271
JPN,COL,8,0.8853301513398969
JOR,LBN,1,0.3588177990403955
JOR,IRQ,2,0.650555567191892
JOR,PER,3,0.7189832332663151
JOR,TUN,4,0.7286584480761177
JOR,PSE,5,0.7458928317970275
JOR,COL,6,0.8326057976443259
JOR,DOM,7,0.8539106721813223
JOR,TUV,8,0.9425531921439797
KEN,KHM,1,0.25502307472720814
KEN,ZMB,2,0.4702222692688866
KEN,PNG,3,0.4827700317144267
KEN,TON,4,0.4854899399604524
KEN,SDN,5,0.49618005353189587
KEN,VNM,6,0.6081036509076932
KEN,MMR,7,0.6901129039192718
KEN,ETH,8,0.7144361520461573
KIR,NPL,1,0.3598120859570557
KIR,HND,2,0.6027148559330557
KIR,TUV,3,0.8199449458680574
KIR,MAR,4,0.8847816815137095
KIR,ZMB,5,0.9113550415211858
KIR,HTI,6,0.9786618663441149
KIR,MMR,7,0.9953518611433532
KIR,JAM,8,1.054931272639845
KGZ,VUT,1,0.5303649829084821
KGZ,IND,2,0.5309793293316492
KGZ,TZA,3,0.6407527591707747
KGZ,UZB,4,0.706909808915923
KGZ,GRD,5,0.7705417383863784
KGZ,BGD,6,0.8392900797446199
KGZ,AFG,7,0.9576092426959691
KGZ,BLZ,8,0.9689048324476564
LBN,JOR,1,0.3588177990403955
LBN,IRQ,2,0.6351355232141059
LBN,DOM,3,0.6879511110349422
LBN,MAR,4,0.780072508333909
LBN,JAM,5,0.8870329213704471
LBN,THA,6,0.9130306346227848
LBN,TUN,7,0.9172555894667818
LBN,PER,8,0.9590114008448165
MDV,EGY,1,0.28986250894335186
MDV,BTN,2,0.35465216835364055
MDV,GUY,3,0.3706310470518066
MDV,ATG,4,0.40473702768717057
MDV,ALB,5,0.5006397825340947
MDV,CHN,6,0.6423797582682593
MDV,ECU,7,0.7521692466668181
MDV,GEO,8,0.7664266714235424
MHL,UZB,1,0.897481792763084
MHL,MNG,2,1.0223959928705921
MHL,KGZ,3,1.0671431786592085
MHL,SYR,4,1.1018584872003392
MHL,SLV,5,1.1049290905746085
MHL,NRU,6,1.1070271121766744
MHL,ZAF,7,1.1111099971195197
MHL,BRB,8,1.1569302556113652
MEX,MNG,1,0.3609271026932424
MEX,BRA,2,0.4322340346778301
MEX,SRB,3,0.4671982768148943
MEX,SUR,4,0.4691581834363261
MEX,CUW,5,0.4723593055262349
MEX,PAN,6,0.486614899833218
MEX,BRB,7,0.5129739789615558
MEX,ZAF,8,0.5476396913900947
FSM,AFG,1,0.2786900633579495
FSM,SDN,2,0.48441131360720807
FSM,BGD,3,0.5963381753045975
FSM,VUT,4,0.6440796648071347
FSM,TON,5,0.6537971788292821
FSM,PNG,6,0.7264216840704817
FSM,IND,7,0.7325436430544171
FSM,KEN,8,0.860054490201674
MNG,BRB,1,0.2342859402874184
MNG,ZAF,2,0.2488010773098922
MNG,IDN,3,0.3348887235972799
MNG,AZE,4,0.356671885441675
MNG,MEX,5,0.3609271026932424
MNG,SUR,6,0.36977172773941
MNG,SRB,7,0.38408056597452456
MNG,SLV,8,0.4937288791524966
MAR,JAM,1,0.2145333922462289
MAR,HND,2,0.3105897393089719
MAR,NPL,3,0.6134454088560969
MAR,THA,4,0.7458492539933614
MAR,IRQ,5,0.7507415729640641
MAR,LBN,6,0.780072508333909
MAR,DOM,7,0.884019129897109
MAR,KIR,8,0.8847816815137095
MOZ,ETH,1,0.5747582313756533
MOZ,ZMB,2,0.7514032760224704
MOZ,HTI,3,0.7780701734917707
MOZ,SDN,4,0.9109168593776953
MOZ,PNG,5,1.040182172386832
MOZ,KEN,6,1.051034215901425
MOZ,KIR,7,1.109379218526979
MOZ,KHM,8,1.171383071864723
MMR,WSM,1,0.30459488892504094
MMR,KEN,2,0.6901129039192718
MMR,HND,3,0.7333197636837449
MMR,KHM,4,0.7841042724607498
MMR,BTN,5,0.8136914480385633
MMR,JAM,6,0.8928644497789441
MMR,ZMB,7,0.9049474748773713
MMR,MAR,8,0.9068085997847426
NRU,MHL,1,1.1070271121766744
NRU,UZB,2,1.2847174345940564
NRU,CUW,3,1.4508192380641993
NRU,MEX,4,1.6625191712128256
NRU,MNG,5,1.7088869117880259
NRU,GRD,6,1.75214246961378
NRU,PAN,7,1.8082179237338556
NRU,BRB,8,1.8373251394302035
NPL,KIR,1,0.3598120859570557
NPL,HND,2,0.39379734181337017
NPL,MAR,3,0.6134454088560969
NPL,TUV,4,0.6183302578570677
NPL,JAM,5,0.8124068931434814
NPL,ZMB,6,0.9355431292839363
NPL,MMR,7,0.9704355582198169
NPL,JOR,8,0.9861266762546942
NZL,TKM,1,1.4029319750800628
NZL,BWA,2,2.0065099833373363
NZL,NRU,3,2.143561642570066
NZL,SEN,4,2.2251889296680836
NZL,SGP,5,2.48276689207572
NZL,UZB,6,2.5692113677682618
NZL,GRD,7,2.7850703830994417
NZL,SAU,8,2.792539808236316
MKD,GEO,1,0.22959244908607077
MKD,SUR,2,0.2453127976112481
MKD,AZE,3,0.3253555305770898
MKD,SRB,4,0.34712086891617355
MKD,CRI,5,0.4444261436034723
MKD,ALB,6,0.45631020622626944
MKD,PLW,7,0.48075920983692016
MKD,ECU,8,0.4875293907787843
PLW,CRI,1,0.19122346455611972
PLW,COL,2,0.20214916064478686
PLW,PER,3,0.27928668150747543
PLW,BRA,4,0.2846028043124585
PLW,SUR,5,0.4319764896085655
PLW,ARG,6,0.4598536879666323
PLW,MKD,7,0.48075920983692016
PLW,CHL,8,0.5151523596424622
PAN,SRB,1,0.35608408287634197
PAN,MEX,2,0.486614899833218
PAN,BRB,3,0.5050751916789381
PAN,AZE,4,0.5523653772629374
PAN,MNG,5,0.57099163524263
PAN,SYC,6,0.5851700957278418
PAN,SUR,7,0.619993603183283
PAN,MKD,8,0.6425515688394863
PNG,KEN,1,0.4827700317144267
PNG,TON,2,0.505768967972965
PNG,ETH,3,0.5976552925083037
PNG,SDN,4,0.609640440611189
PNG,KHM,5,0.7167002014037104
PNG,FSM,6,0.7264216840704817
PNG,ZMB,7,0.7957570599208504
PNG,VNM,8,0.8434482534636115
PER,COL,1,0.21861380795243776
PER,PLW,2,0.27928668150747543
PER,BRA,3,0.4025342353730991
PER,CRI,4,0.41047730760304146
PER,TUN,5,0.45830989056601884
PER,ECU,6,0.530433020973182
PER,SLV,7,0.5462148649195919
PER,CHL,8,0.5821408911545518
PHL,GTM,1,0.3180175715938832
PHL,IDN,2,0.4799707679965803
PHL,ZAF,3,0.5224682661457019
PHL,BLZ,4,0.5284601578593525
PHL,SLV,5,0.5400033632246426
PHL,VNM,6,0.5583092114180458
PHL,ECU,7,0.5662728968804874
PHL,KHM,8,0.602061989140258
QAT,DNK,1,0.7736338031908687
QAT,ARE,2,0.9654056884850677
QAT,JPN,3,1.0349338871503386
QAT,RUS,4,1.136836147852081
QAT,CHL,5,1.4041607189179948
QAT,DOM,6,1.4561415318979631
QAT,THA,7,1.6229513254804806
QAT,URY,8,1.7251754726282427
RUS,DOM,1,0.519200034411101
RUS,JPN,2,0.54623231570116
RUS,CHL,3,0.5856748533000182
RUS,DNK,4,0.6155050846798196
RUS,CHN,5,0.654696605018999
RUS,ARE,6,0.6668862597851467
RUS,CRI,7,0.7660653389917024
RUS,IRQ,8,0.7871694071874928
WSM,MMR,1,0.30459488892504094
WSM,KEN,2,0.7658430096449915
WSM,PNG,3,0.8496964143034887
WSM,ETH,4,0.9140515274247145
WSM,KHM,5,0.9219337562223343
WSM,BTN,6,0.9259504083200033
WSM,TON,7,1.018722715126266
WSM,HND,8,1.0267553157133245
SAU,SWE,1,0.19442368254178222
SAU,CUW,2,0.7732329206683275
SAU,SGP,3,0.8218477923388887
SAU,PAN,4,0.8394318681542703
SAU,MEX,5,1.0648322912549077
SAU,ARG,6,1.106800697557361
SAU,URY,7,1.1284553466761564
SAU,SRB,8,1.1707060471905106
SEN,TKM,1,1.0704337666108
SEN,BWA,2,1.86207668326396
SEN,NZL,3,2.2251889296680836
SEN,BFA,4,2.263256024397395
SEN,UZB,5,2.5005408274610708
SEN,TZA,6,2.519351806364826
SEN,NRU,7,2.5251612239618684
SEN,KGZ,8,2.903896611763987
SRB,AZE,1,0.20323823685281955
SRB,BRB,2,0.2673331417596257
SRB,SUR,3,0.3045375880133527
SRB,MKD,4,0.34712086891617355
SRB,PAN,5,0.35608408287634197
SRB,MNG,6,0.38408056597452456
SRB,GEO,7,0.39689463088710525
SRB,IDN,8,0.4454752902355824
SYC,SRB,1,0.5527793746459596
SYC,BRB,2,0.5613282860678209
SYC,PAN,3,0.5851700957278418
SYC,AZE,4,0.6029547210856633
SYC,BLZ,5,0.6928232121933531
SYC,IDN,6,0.7581426455139135
SYC,MNG,7,0.7820156811945921
SYC,GEO,8,0.7965041352191258
SGP,SAU,1,0.8218477923388887
SGP,SWE,2,0.9118195571322831
SGP,CUW,3,1.4414244833833052
SGP,PAN,4,1.6477068641319663
SGP,URY,5,1.8049303608164224
SGP,ARG,6,1.812995697870622
SGP,MEX,7,1.8348122440107986
SGP,ARE,8,1.9552443381204097
ZAF,IDN,1,0.13888609563922738
ZAF,MNG,2,0.2488010773098922
ZAF,SUR,3,0.30342452496075745
ZAF,BRB,4,0.3045497985384843
ZAF,AZE,5,0.30695635718499387
ZAF,SLV,6,0.35929017846852734
ZAF,GEO,7,0.3737659431568461
ZAF,SRB,8,0.4510752882799919
LKA,VNM,1,0.5077760805365037
LKA,TON,2,0.6374815438026106
LKA,BGD,3,0.6465671884596859
LKA,BLZ,4,0.6682529492177841
LKA,GUY,5,0.7079504661613033
LKA,IND,6,0.8096458846948715
LKA,ATG,7,0.83529763181924
LKA,EGY,8,0.8774685563314671
SDN,FSM,1,0.48441131360720807
SDN,ZMB,2,0.48915359062320396
SDN,KEN,3,0.49618005353189587
SDN,KHM,4,0.5297657085058877
SDN,HTI,5,0.5696674743632264
SDN,TON,6,0.5956831121665412
SDN,PNG,7,0.609640440611189
SDN,AFG,8,0.6361400932509792
SUR,GEO,1,0.2186798273971098
SUR,AZE,2,0.23129415371842144
SUR,MKD,3,0.2453127976112481
SUR,ZAF,4,0.30342452496075745
SUR,SRB,5,0.3045375880133527
SUR,IDN,6,0.3439526353090684
SUR,MNG,7,0.36977172773941
SUR,BRB,8,0.37974770528926177
SWE,SAU,1,0.19442368254178222
SWE,CUW,2,0.6791310150217563
SWE,PAN,3,0.8252811081837161
SWE,SGP,4,0.9118195571322831
SWE,ARG,5,0.9432098859318954
SWE,URY,6,0.9550824534915242
SWE,MEX,7,0.9789673704120834
SWE,SRB,8,1.12670973381683
SYR,PSE,1,0.44489478992540915
SYR,SLV,2,0.6302128757465695
SYR,PHL,3,0.6583184173854052
SYR,TUV,4,0.7383510772045577
SYR,HTI,5,0.7459876513447038
SYR,GTM,6,0.8671365785223447
SYR,TUN,7,0.869459930799921
SYR,ZAF,8,0.8932314078572359
TZA,BFA,1,0.48474324341361635
TZA,VUT,2,0.6205011881312716
TZA,KGZ,3,0.6407527591707747
TZA,UZB,4,0.9748287533121177
TZA,AFG,5,1.054857908397525
TZA,IND,6,1.1050850384897903
TZA,FSM,7,1.2282524983750696
TZA,MHL,8,1.2526792818054806
THA,DOM,1,0.42631701770700436
THA,JAM,2,0.6043105401477745
THA,IRQ,3,0.6516198604439881
THA,MAR,4,0.7458492539933614
THA,RUS,5,0.8102725752074026
THA,LBN,6,0.9130306346227848
THA,CHN,7,0.9317119295345659
THA,BTN,8,0.9598939252270661
TON,VNM,1,0.371692141216832
TON,KEN,2,0.4854899399604524
TON,BGD,3,0.49312903418157056
TON,PNG,4,0.505768967972965
TON,KHM,5,0.5553681034143668
TON,SDN,6,0.5956831121665412
TON,LKA,7,0.6374815438026106
TON,FSM,8,0.6537971788292821
TUN,ECU,1,0.2761063692519009
TUN,COL,2,0.4438068320608847
TUN,ALB,3,0.45710190800382156
TUN,PER,4,0.45830989056601884
TUN,IRQ,5,0.46716904742593013
TUN,GTM,6,0.48176146194663416
TUN,CHN,7,0.49600657444056684
TUN,SLV,8,0.5730375851087468
TKM,SEN,1,1.0704337666108
TKM,NZL,2,1.4029319750800628
TKM,BWA,3,1.8403606963157728
TKM,UZB,4,2.0448507180572166
TKM,NRU,5,2.1647106493956274
TKM,BFA,6,2.321765046694405
TKM,GRD,7,2.340915925739714
TKM,TZA,8,2.418985455942679
TUV,ZMB,1,0.5747109958103375
TUV,KHM,2,0.6008210794648262
TUV,HTI,3,0.6009171897504159
TUV,NPL,4,0.6183302578570677
TUV,TUN,5,0.6908336570032811
TUV,PSE,6,0.7349188945951002
TUV,SYR,7,0.7383510772045577
TUV,HND,8,0.7549706034671422
ARE,DNK,1,0.21094916978597256
ARE,JPN,2,0.3756264191886886
ARE,RUS,3,0.6668862597851467
ARE,CHL,4,0.7204980145421951
ARE,URY,5,0.9276604489740244
ARE,CRI,6,0.9540642083105512
ARE,QAT,7,0.9654056884850677
ARE,ARG,8,0.9708106373393184
URY,ARG,1,0.10563179298932676
URY,BRA,2,0.4373451051630565
URY,CHL,3,0.4928422046981991
URY,CRI,4,0.5209854303064945
URY,PLW,5,0.5341032897458516
URY,MEX,6,0.6646849917147034
URY,COL,7,0.6710279551801953
URY,PER,8,0.6803606063497902
UZB,GRD,1,0.6197684786626905
UZB,KGZ,2,0.706909808915923
UZB,MHL,3,0.897481792763084
UZB,TZA,4,0.9748287533121177
UZB,IND,5,1.0723663661636331
UZB,VUT,6,1.2101006804926973
UZB,BRB,7,1.2542429811159295
UZB,BLZ,8,1.260930464312312
VUT,KGZ,1,0.5303649829084821
VUT,AFG,2,0.5339236527517456
VUT,TZA,3,0.6205011881312716
VUT,FSM,4,0.6440796648071347
VUT,IND,5,0.7062118650607633
VUT,BGD,6,0.8561101712657276
VUT,BFA,7,0.977347478571599
VUT,SDN,8,1.0579533377952202
VNM,TON,1,0.371692141216832
VNM,BGD,2,0.40929303267736933
VNM,LKA,3,0.5077760805365037
VNM,KHM,4,0.5095000123286348
VNM,PHL,5,0.5583092114180458
VNM,BLZ,6,0.558646511756001
VNM,KEN,7,0.6081036509076932
VNM,GTM,8,0.6094545360784861
PSE,SYR,1,0.44489478992540915
PSE,SLV,2,0.6463068822815184
PSE,TUN,3,0.7102425304524993
PSE,TUV,4,0.7349188945951002
PSE,PER,5,0.738162997017857
PSE,JOR,6,0.7458928317970275
PSE,PHL,7,0.8803670049762867
PSE,ECU,8,0.8855446972182665
ZMB,HTI,1,0.28824024829537853
ZMB,KHM,2,0.4660840662130661
ZMB,KEN,3,0.4702222692688866
ZMB,SDN,4,0.48915359062320396
ZMB,TUV,5,0.5747109958103375
ZMB,ETH,6,0.6950250928680152
ZMB,MOZ,7,0.7514032760224704
ZMB,PNG,8,0.7957570599208504
