iso3c,country_name,peer_count,peer_p75_collection,peer_p75_capture,target_collection,target_capture,collection_gain_tonnes_proxy,treatment_gain_tonnes_proxy,additional_recovery_tonnes_proxy,remaining_unrecovered_tonnes_proxy,priority
AFG,Afghanistan,8,0.831075,0.05427735727631716,0.831075,0.593107622413677,425502.2717197633,0.0,425502.2717197633,1521644.9710802373,collection
ALB,Albania,8,0.8264499999999999,0.04157958494418135,0.9177617667789177,0.22673410117628262,0.0,0.0,0.0,497447.7506244588,no_measured_peer_gap
ATG,Antigua and Barbuda,8,0.8219404416947295,0.35987997963897084,0.99,0.35987997963897084,0.0,9186.817096299674,9186.817096299674,16598.482874803954,sorting_and_biological_treatment
ARG,Argentina,8,0.946275,0.11726537610558038,0.98,0.11726537610558038,0.0,1728927.2107912998,1728927.2107912998,13315679.289208699,sorting_and_biological_treatment
AZE,Azerbaijan,8,0.885,0.1851626795061197,0.885,0.1851626795061197,0.0,480956.25029501505,480956.25029501505,2454048.749704985,sorting_and_biological_treatment
BGD,Bangladesh,8,0.78885,0.1389917098550234,0.8063,0.1389917098550234,0.0,1587687.9491745841,1587687.9491745841,20171569.305573475,sorting_and_biological_treatment
BRB,Barbados,8,0.8791,0.1851626795061197,0.9,0.1851626795061197,0.0,31092.52365184373,31092.52365184373,240059.87227795628,sorting_and_biological_treatment
BLZ,Belize,8,0.829725,0.16595926121915783,0.829725,0.16595926121915783,0.0,10189.840553114864,10189.840553114864,63810.15944688514,sorting_and_biological_treatment
BTN,Bhutan,8,0.9358213250841882,0.06474106017865724,0.9358213250841882,0.406542808740399,5631.918530131013,0.0,5631.918530131013,32500.154976453487,collection
BWA,Botswana,8,0.89195,0.14400136955958454,0.89195,0.14400136955958454,255.86982224783725,2255.2741665319854,2511.143988779823,27326.916011220175,sorting_and_biological_treatment
BRA,Brazil,8,0.985,0.11726537610558038,0.985,0.11726537610558038,79041.53760506013,5907995.845731032,5987037.383336092,56080359.22170562,sorting_and_biological_treatment
BFA,Burkina Faso,8,0.8353999999999999,0.21950291230627392,0.8353999999999999,0.21950291230627392,0.0,46840.03738668651,46840.03738668651,208596.18061331345,sorting_and_biological_treatment
KHM,Cambodia,8,0.78885,0.1389917098550234,0.78885,0.1389917098550234,132167.0,16033.059580137045,148200.05958013705,3532399.940419863,collection
CHL,Chile,8,0.9849628262000941,0.13248818872350238,0.9849628262000941,0.13248818872350238,1671.3421277130064,885030.7007552488,886702.0428829618,6336430.781158487,sorting_and_biological_treatment
CHN,China,8,0.8943385917988695,0.1572496754728549,0.997,0.1572496754728549,0.0,66505303.96216938,66505303.96216938,357695382.12670505,sorting_and_biological_treatment
COL,Colombia,8,0.946275,0.09742799680219486,0.946275,0.23840222431798397,238271.86439910642,0.0,238271.86439910642,9192508.47870089,collection
CRI,Costa Rica,8,0.965,0.04519067637534388,0.965,0.09244054544386214,9260.666366319943,0.0,9260.666366319943,1191964.6623886428,collection
CUW,Curaçao,8,1.0,0.13680143727718674,1.0,0.5574697589447025,3721.9730941704015,0.0,3721.9730941704015,65887.00000000007,collection
DNK,Denmark,8,0.9998884786002825,0.09734923123483424,1.0,0.6602378949955491,0.0,0.0,0.0,1333857.663800824,no_measured_peer_gap
DOM,Dominican Republic,8,0.96925,0.22965113196170794,0.96925,0.22965113196170794,21124.592668474856,600562.0770603394,621686.6697288143,3071104.9564751857,sorting_and_biological_treatment
ECU,Ecuador,8,0.9375713250841883,0.1572496754728549,0.9375713250841883,0.1572496754728549,5928.274567896133,589527.22033564,595455.4949035362,3659079.8430964635,sorting_and_biological_treatment
EGY,"Egypt, Arab Rep.",8,0.9358213250841882,0.06474106017865724,0.9358213250841882,0.3529411764705882,2215686.912052627,0.0,2215686.912052627,14709513.087947376,collection
SLV,El Salvador,8,0.8421749999999999,0.1542026165526572,0.8421749999999999,0.1542026165526572,1694.1001583177763,142803.60277511756,144497.70293343533,1035323.654615243,sorting_and_biological_treatment
ETH,Ethiopia,8,0.47750000000000004,0.12164520157170636,0.47750000000000004,0.12164520157170636,32942.89192534477,22059.21964616322,55002.11157150799,3649080.05913639,collection
GEO,Georgia,8,0.82675,0.1851626795061197,0.8788,0.1851626795061197,0.0,142568.06716223963,142568.06716223963,733582.5206467605,sorting_and_biological_treatment
GRD,Grenada,8,0.9,0.08194097762879185,0.986,0.08194097762879185,0.0,1651.6153231012893,1651.6153231012893,19564.384676898713,sorting_and_biological_treatment
GTM,Guatemala,8,0.8885404416947295,0.17833898904487405,0.8885404416947295,0.17833898904487405,0.0,828288.2842417212,828288.2842417212,4398778.135875336,sorting_and_biological_treatment
GUY,Guyana,8,0.8885404416947295,0.35987997963897084,0.8885404416947295,0.35987997963897084,0.0,67166.09412223211,67166.09412223211,142880.2887314929,sorting_and_biological_treatment
HTI,Haiti,8,0.6930499999999999,0.09121881291461696,0.6930499999999999,0.09121881291461696,0.0,145479.41599719122,145479.41599719122,2155711.044039209,sorting_and_biological_treatment
HND,Honduras,8,0.950175,0.07972426702271602,0.950175,0.07972426702271602,0.0,232781.1902397319,232781.1902397319,2840156.469354807,sorting_and_biological_treatment
IND,India,8,0.733275,0.08942963187275862,0.954,0.08942963187275862,0.0,12199621.953432411,12199621.953432411,130793963.22690132,sorting_and_biological_treatment
IDN,Indonesia,8,0.8841,0.0868090671126849,0.8841,0.25402886302126515,2746289.156456386,0.0,2746289.156456386,32391573.80631588,collection
IRQ,Iraq,8,0.9375713250841883,0.1572496754728549,0.9375713250841883,0.1572496754728549,6750.686259498416,2351950.28796173,2358700.974221228,13705214.161778772,sorting_and_biological_treatment
JAM,Jamaica,8,0.91185,0.11412974995617112,0.91185,0.11412974995617112,0.0,124117.26824320547,124117.26824320547,1068524.2946603838,sorting_and_biological_treatment
JPN,Japan,8,0.99925,0.14365702253530893,0.9998513048003767,0.1927817022624306,0.0,0.0,0.0,27845273.62692376,no_measured_peer_gap
JOR,Jordan,8,0.943,0.09127366083231077,0.943,0.09341055272358484,29905.932066508314,0.0,29905.932066508314,2890638.8679334926,collection
KEN,Kenya,8,0.6525,0.18112317361123437,0.6824,0.18112317361123437,0.0,357813.75362848985,357813.75362848985,2537155.74637151,sorting_and_biological_treatment
KIR,Kiribati,8,0.761725,0.11412974995617112,0.761725,0.11412974995617112,15.781513289771663,1112.314585951659,1128.0960992414307,12228.901302573604,sorting_and_biological_treatment
KGZ,Kyrgyz Republic,8,0.88395,0.21950291230627392,0.88395,0.21950291230627392,0.0,244990.09993341428,244990.09993341428,1017652.8204015857,sorting_and_biological_treatment
LBN,Lebanon,8,0.907275,0.10357996460228339,0.999,0.10357996460228339,0.0,196700.32908546078,196700.32908546078,1704219.6709145391,sorting_and_biological_treatment
MDV,Maldives,8,0.9358213250841882,0.25828586999985903,0.9358213250841882,0.25828586999985903,0.0,42431.60615987567,42431.60615987567,133116.39384012428,sorting_and_biological_treatment
MHL,Marshall Islands,8,0.86015,0.1146924468134631,0.86015,0.1146924468134631,0.0,1356.1016822357255,1356.1016822357255,12390.116824968865,sorting_and_biological_treatment
MEX,Mexico,8,0.9362892376681614,0.1919125020182418,0.9362892376681614,0.1919125020182418,450236.8211001173,1957808.1487571278,2408044.969857245,28577853.426211864,sorting_and_biological_treatment
FSM,"Micronesia, Fed. Sts.",8,0.831075,0.0766884718666272,0.831075,0.0766884718666272,0.0,1298.2422375397339,1298.2422375397339,19071.495262460267,sorting_and_biological_treatment
MNG,Mongolia,8,0.885,0.1851626795061197,0.885,0.1851626795061197,16685.659332765008,34973.618297533394,51659.2776302984,982577.7060408121,sorting_and_biological_treatment
MAR,Morocco,8,0.7660650278293132,0.02202617466542786,0.96,0.087890625,0.0,0.0,0.0,6533646.555,no_measured_peer_gap
MOZ,Mozambique,8,0.533025,0.11575763269825873,0.533025,0.11575763269825873,71322.29999999999,85952.81244329202,157275.112443292,3349724.887556708,sorting_and_biological_treatment
MMR,Myanmar,8,0.6868,0.20203730861080255,0.6868,0.20203730861080255,88593.1767741935,43407.53530310505,132000.71207729855,5922911.287922702,collection
NRU,Nauru,8,0.9137892376681614,0.13680143727718674,0.9137892376681614,0.13680143727718674,0.0,39.15325141666771,39.15325141666771,274.0535137833323,sorting_and_biological_treatment
NPL,Nepal,8,0.868225,0.11826969574885973,0.868225,0.11826969574885973,0.0,170795.98589726433,170795.98589726433,1492509.014102736,sorting_and_biological_treatment
NZL,New Zealand,8,0.9895,0.07312203013451199,1.0,0.26877008472100494,0.0,0.0,0.0,901405.3900000002,no_measured_peer_gap
MKD,North Macedonia,8,0.9134404416947295,0.1409762884519654,0.9134404416947295,0.1409762884519654,957.3782250528631,85305.96453500795,86263.34276006081,601447.9062399393,sorting_and_biological_treatment
PLW,Palau,8,0.965,0.07181143506226424,0.965,0.11239035087719297,62.17913103833326,0.0,62.17913103833326,9306.410346641667,collection
PAN,Panama,8,0.9,0.13680143727718674,0.9,0.13680143727718674,0.0,173259.62835343744,173259.62835343744,1233967.5324286625,sorting_and_biological_treatment
PNG,Papua New Guinea,8,0.6993,0.14470540389405723,0.6993,0.14470540389405723,0.0,136482.909701012,136482.909701012,1212262.5468687578,sorting_and_biological_treatment
PER,Peru,8,0.9165,0.11781481321748948,0.9417,0.11781481321748948,0.0,748153.7870704886,748153.7870704886,7433150.20044731,sorting_and_biological_treatment
PHL,Philippines,8,0.733275,0.16595926121915783,0.733275,0.16595926121915783,0.0,1580779.520894529,1580779.520894529,11409034.39030547,sorting_and_biological_treatment
QAT,Qatar,8,0.9998884786002825,0.26954080452278695,1.0,0.26954080452278695,0.0,328519.4202567007,328519.4202567007,901319.0797432993,sorting_and_biological_treatment
RUS,Russian Federation,8,0.9992128262000941,0.1322518920214206,0.9992128262000941,0.1322518920214206,358304.6752332013,2023930.427326281,2382235.102559482,35427450.89744051,sorting_and_biological_treatment
WSM,Samoa,8,0.6744039433276565,0.14861338763187393,0.6744039433276565,0.14861338763187393,674.359698698398,621.7147762981714,1296.0744749965693,16359.81264086869,collection
SAU,Saudi Arabia,8,1.0,0.5599682985899701,1.0,0.5599682985899701,0.0,7123163.331328989,7123163.331328989,6205293.311840984,sorting_and_biological_treatment
SEN,Senegal,8,0.86015,0.14400136955958454,0.86015,0.14400136955958454,0.0,111476.50022400894,111476.50022400894,788523.4997759908,sorting_and_biological_treatment
SRB,Serbia,8,0.8841,0.0868090671126849,0.8841,0.2810281530697536,2460.302558215808,0.0,2460.302558215808,1604754.7581174148,collection
SYC,Seychelles,8,0.8791,0.1771580110577057,0.9,0.1771580110577057,0.0,3206.0791589690216,3206.0791589690216,29344.460841030974,sorting_and_biological_treatment
SGP,Singapore,8,1.0,0.2382852785792326,1.0,0.834350282485876,0.0,0.0,0.0,191194.13234264753,no_measured_peer_gap
ZAF,South Africa,8,0.885,0.1771580110577057,0.885,0.1771580110577057,194136.51644094757,79577.32852985246,273713.84497080004,5071333.914461365,collection
LKA,Sri Lanka,8,0.91755,0.1389917098550234,0.91755,0.3806963891441188,386834.6067079197,0.0,386834.6067079197,1488984.4892920805,collection
SDN,Sudan,8,0.6146,0.24867851202912206,0.6146,0.24867851202912206,0.0,959401.962738702,959401.962738702,5317853.258411298,sorting_and_biological_treatment
SUR,Suriname,8,0.8791,0.1851626795061197,1.0,0.1851626795061197,0.0,12960.536850759701,12960.536850759701,87839.46314924028,sorting_and_biological_treatment
SWE,Sweden,8,1.0,0.35013855453849085,1.0,0.5674639175257727,0.0,0.0,0.0,1249322.9064748222,no_measured_peer_gap
SYR,Syrian Arab Republic,8,0.8300000000000001,0.09127366083231077,0.8300000000000001,0.09127366083231077,14268.439500000011,98522.20877806982,112790.64827806983,2578008.17422193,sorting_and_biological_treatment
TZA,Tanzania,8,0.8353999999999999,0.07072878386418197,0.8353999999999999,0.5707762557077625,3124219.178082192,0.0,3124219.178082192,4645780.82191781,collection
THA,Thailand,8,0.96925,0.08394771578909789,0.96925,0.499818111303856,3174044.4879363477,0.0,3174044.4879363477,13285545.512063663,collection
TON,Tonga,8,0.6993,0.14470540389405723,0.9054,0.14470540389405723,0.0,126.05027019571737,126.05027019571737,6555.477329804282,sorting_and_biological_treatment
TUN,Tunisia,8,0.9237463250841883,0.0737766139501163,0.9237463250841883,0.134088200238379,39119.30701723901,0.0,39119.30701723901,2065570.692982761,collection
TKM,Turkmenistan,8,0.89195,0.14400136955958454,0.89195,0.14400136955958454,5879.25,19806.957325389227,25686.207325389227,225188.79267461074,sorting_and_biological_treatment
TUV,Tuvalu,8,0.74375,0.13392365648529755,0.9469,0.13392365648529755,0.0,76.13963480957797,76.13963480957797,1233.496365190422,sorting_and_biological_treatment
ARE,United Arab Emirates,8,1.0,0.11752583464850426,1.0,0.11752583464850426,438.7368386142751,21337.04377073936,21775.780609353635,3454587.806774658,sorting_and_biological_treatment
URY,Uruguay,8,0.946275,0.11726537610558038,1.0,0.11726537610558038,0.0,114827.05761787725,114827.05761787725,864379.7759021228,sorting_and_biological_treatment
UZB,Uzbekistan,8,0.9135,0.061434323963922566,0.9135,0.10241179783911106,21789.17597885194,0.0,21789.17597885194,3645671.0130211483,collection
VUT,Vanuatu,8,0.645575,0.1819294764017897,0.645575,0.1819294764017897,378.06802668857966,2179.0125974073535,2557.080624095933,24464.823990308625,sorting_and_biological_treatment
VNM,Viet Nam,8,0.74735,0.12815511452856992,0.75,0.17721518987341767,0.0,0.0,0.0,13015000.000000002,no_measured_peer_gap
PSE,West Bank and Gaza,8,0.866925,0.08110424895361223,0.92,0.08110424895361223,0.0,52357.0129310822,52357.0129310822,1190154.9870689178,sorting_and_biological_treatment
ZMB,Zambia,8,0.5756,0.08518175429150195,0.5756,1.0,1874217.266160624,0.0,1874217.266160624,1520914.6189193754,collection
